Remove all grammatical errors from this text: For example, countries with a lot of deserts can terraform their desert to increase their habitable land and using irrigation to provide clean water to the desert.	For example, countries with a lot of deserts can transform their desert to increase their habitable land and use irrigation to provide clean water to the desert.
Improve the grammaticality: As the number of people grows, the need of habitable environment is unquestionably essential.	As the number of people grows, the need for a habitable environment is unquestionably increasing.
Improve the grammaticality of this sentence: Besides some technologically determinists that allow the development of biometric identification, this technology is also shaped by three social factors, namely, the desire of the society for safety, convenience and economy.	Besides some technological determinists that allow the development of biometric identification, this technology is also shaped by three social factors, namely, the desire of society for safety, convenience, and economy.
Remove all grammatical errors from this text: Safety is one of the crucial problems that many countries and companies concern.	Safety is one of the crucial problems that many countries and companies are concerned about.
Fix grammaticality in this sentence: On one hand more and more virus and hack can access personal computers, so the secret data and documents may be stolen.	On the one hand, more and more viruses and hackers can access personal computers, so secret data and documents may be stolen.
Improve the grammar of this text: We can have fingerprint verification reader combined with built-in smartcard reader, and it only takes seconds to verify one's identification.	We can have a fingerprint verification reader combined with a built-in smart card reader, and it only takes seconds to verify one's identification.
Fix grammar in this sentence: Nuclear technology had come a long way since Ernest Rutherford first split the atom in 1917.	Nuclear technology has come a long way since Ernest Rutherford first split the atom in 1917.
Fix grammar in the sentence: The subsequent realization that the additional neutrons produced from fission reaction can induce a nuclear chain reaction sparked off widespread interest in nuclear technology.	The subsequent realization that the additional neutrons produced from a fission reaction could induce a nuclear chain reaction has sparked a widespread interest in nuclear technology.
Update to remove grammar errors: The leakage of radioactive gas into the atmosphere prompted the many anti-nuclear demonstrations that sprung up across the America in the following months.	The leakage of radioactive gas into the atmosphere prompted the many anti-nuclear demonstrations that sprang up across America in the following months.
Fix grammaticality in this sentence: Although the reactor was eventually cleaned up and decontaminated, the damaged dealt to nuclear power was irreversible and caused its subsequent decline.	Although the reactor was eventually cleaned up and decontaminated, the damage dealt to nuclear power was irreversible and caused its subsequent decline.
Improve the grammar of this text: To partly offset this gigantic demand for energy, China had launched an ambitious program to produce 16% of its electricity from nuclear power by 2030.	To partly offset this gigantic demand for energy, China has launched an ambitious program to produce 16% of its electricity from nuclear power by 2030.
Fix grammar errors in this sentence: This endeavor to produce more nuclear power have stimulated the development of safer designs of nuclear reactors.	This endeavor to produce more nuclear power has stimulated the development of safer designs for nuclear reactors.
Improve the grammaticality of this sentence: In conclusion, nuclear technology development had always been driven by social factors.	In conclusion, nuclear technology development has always been driven by social factors.
Improve the grammaticality: World War 2 had given it momentum in its initial research, but it will be mankind's need for a renewable and environmentally friendly energy source that will drive nuclear technology's future developments.	World War 2 has given it momentum in its initial research, but it will be mankind's need for a renewable and environmentally friendly energy source that will drive nuclear technology's future developments.
Remove grammatical mistakes: These solutions may be generated by analyzing existing products to find out how the weaknesses can be improved while retaining the strength.	These solutions may be generated by analyzing existing products to find out how the weaknesses can be overcome while retaining the strengths.
Remove all grammatical errors from this text: Therefore careful analysis of the product has to be made before selecting a solution for testing and implementation.	Therefore careful analysis of a product has to be made before selecting a solution for testing and implementation.
Fix disfluencies in the sentence: An example is water which is a good renewable resource and is plentiful.	An example is water, which is a good renewable resource and is plentiful.
Fix grammaticality: This is because a large body of water is needed to harness the same energy produced by a small amount of fuel.	This is because a large body of water is needed to harness the same amount of energy produced by a small amount of fuel.
Fix grammaticality in this sentence: All the solutions will be thoroughly analysed by the engineers before coming to a conclusion.	All the solutions will be thoroughly analyzed by engineers before coming to a conclusion.
Fix grammaticality of the sentence: As a result, students have no chance to develop their creative thinking and gradually become stereotype.	As a result, students have no chance to develop their creative thinking abilities and gradually become.
Fix grammar in the sentence: However, after one year study, he found history not suitable for himself and became interested in physics and showed great talent.	However, after one year's study, he found history not suitable for him and became interested in physics, and showed great talent.
Fix grammar: Whether China can take this chance to catch up with those well-developed countries or even surpass them depends on China's trail of solving the present problems.	Whether China can take this chance to catch up with those well-developed countries or even surpass them depends on China's solving the present problems.
Improve the grammar of this text: If China can come up with effective policy to change its education system and stimulate innovation, China's pace to flourish may become even faster.	If China can come up with an effective policy to change its education system and stimulate innovation, China's pace to flourish may become even faster.
Make the sentence grammatical: The process of developing a new product based on innovation is not an easy task for the innovators.	The process of developing a new product based on innovation is not an easy task for innovators.
Make the sentence grammatical: By diffusion and adoption of the innovation products by the public or specific users, the innovators have to face the consequences.	Through the distribution and adoption of innovative products by the public or specific users, innovators have to face the consequences.
Improve the grammaticality of this text: These are not the only challenges that the innovators are going to deal with.	These are not the only challenges that innovators are going to deal with.
Fix grammar errors: In order to process from the initial stage of innovation development to the final stage, the most important issue is to have a huge sum of fund for development and commercial purposes.	In order to proceed from the initial stage of innovation development to the final stage, the most important issue is to have a huge sum of funds for development and commercial purposes.
Fix grammatical errors in this sentence: So, the manufacture company, for example, the company that the innovators are working for, is one of the major investors that is providing the fund.	So, the manufacturing company, for example, the company that innovators are working for, is one of the major investors that is providing the fund.
Fix all grammatical errors: For example, if the manufacturing company did not earn profit in the market, then in order to reduce the cost and prevent the loss from getting worse, the manufacturing company has to stop funding the innovators for their prototypes development.	For example, if the manufacturing company does not earn profit in the market, then in order to reduce the cost and prevent the loss from getting worse, the manufacturing company has to stop funding the innovators for the development of their prototypes.
Update to remove grammar errors: Then the innovators have to stop all works for the development.	Then the innovators have to stop all work for the development.
Fix the grammatical mistakes: This shows that the manufacturing companies are trying to reduce the unnecessary burden to maintain the companies' stand.	This shows that manufacturing companies are trying to reduce the unnecessary burden to maintain the companies' stand.
Improve the grammaticality: Therefore, this is one of the major factors that will definitely affect the innovators from developing innovation products.	Therefore, this is one of the major factors that will definitely affect innovators from developing innovative products.
Fix errors in this text: For example, the marketing department thinks that the innovated products are not relevant to what the company is selling.	For example, the marketing department thinks that the new products are not relevant to what the company is selling.
Improve the grammaticality of this sentence: They have to obtain fund from the investors in order to develop their innovation prototypes and require help from the marketing department to have their innovation products for sales in the marketplace.	They have to obtain funds from investors in order to develop their innovation prototypes and require help from the marketing department to have their innovative products for sale in the marketplace.
Make the sentence fluent: Engineering design is defined as a process that brings ideas or theories into physical representations which satisfies human needs.	Engineering design is defined as a process that brings ideas or theories into physical representations which satisfy human needs.
Remove all grammatical errors from this text: Because Engineering designs are always related to real problem, during the five processes, the obstacles they face are more than theories and calculations on paper.	Because engineering designs are always related to real problems, during the five processes, the obstacles they face are more than theories and calculations on paper.
Fix the grammatical mistakes: Political issues usually become realized in the beginning and final steps, especially in the last step.	Political issues usually become relevant in the beginning and final steps, especially in the last step.
Fix grammatical errors: In the last step of design, political issues also disturb the process significantly.	In the last step of design, political issues can also disrupt the process significantly.
Make the sentence fluent: However, when the design had been carried out for a few weeks, it was stopped.	However, after the design had been carried out for a few weeks, it was stopped.
Fix grammaticality in this sentence: In this example, there is nothing wrong with the original design work, but the design still cannot be carried out due to political inconsistent between the city government and higher level authorities.	In this example, there is nothing wrong with the original design work, but the design still cannot be carried out due to political inconsistency between the city government and higher-level authorities.
Fix grammaticality: It affects the analyzing and test step most seriously though it can affect almost every step of design work.	It affects the analyzing and the test step most seriously though it can affect almost every step of design work.
Fix grammatical errors: Besides, the lack of financial support or sudden stop in the financial support may even lead to the incomplete of a project.	Besides, the lack of financial support or sudden stop in the financial support may even lead to the incompletion of a project.
Grammar improvements: Humankind always has needs and demands because people want to lead more comfortable and easier life.	Humankind always has needs and demands because people want to lead a more comfortable and easier life.
Fix the grammatical mistakes: There are various fields which engineering plays an important role in our daily lives, such as entertainment, healthcare, transportation, real estate, and so on.	There are various fields in which engineering plays an important role in our daily lives, such as entertainment, healthcare, transportation, real estate, and so on.
Improve the grammaticality: The cost of raw materials has risen significantly from the year 2003 to year 2009 and it has affected the electronics supply chain.	The cost of raw materials has risen significantly from the year 2003 to the year 2009, and it has affected the electronics supply chain.
Make the sentence grammatical: Hence designs that need large amount of gold may not be feasible.	Hence designs that need a large amount of gold may not be feasible.
Fix the grammatical mistakes: However, if the engineers were to stick to their original design, the cost of the end product will be high.	However, if the engineers are to stick to their original design, the cost of the end product will be high.
Update to remove grammar errors: Hazardous product can tarnish the reputation of the company and sometimes even result in the loss of innocent lives.	Hazardous products can tarnish the reputation of the company and sometimes even result in the loss of innocent lives.
Fix disfluencies in the sentence: Thus it is very important for engineers to do repeated trial test of the product to ensure that it is free of faults.	Thus it is very important for engineers to do repeated trial tests of the product to ensure that it is free of faults.
Fix grammatical errors: As we understand the relevance and importance of engineering design, we will come to realize that in reality there are several factors that preventing the progress of engineering design.	As we understand the relevance and importance of engineering design, we will come to realize that, in reality, there are several factors that prevent the progress of engineering design.
Fix grammatical mistakes in this sentence: In Singapore, there is only a certain fixed amount in the country's national budget allocated of the research and development sector.	In Singapore, there is a certain fixed amount in the country's national budget allocated to the research and development sector.
Remove grammatical mistakes: Some feel that in these tough economical times, it is wiser to splurge the money on restructuring the economy or providing more incentives to instill entrepreneurship, rather than investing in research in engineering design.	Some feel that in these tough economic times, it is wiser to spend the money on restructuring the economy or providing more incentives to encourage entrepreneurship rather than investing in research in engineering design.
Fix grammaticality of the sentence: Secondly, the amount of creative people in Singapore is small, which may be a major reason for the hampering of innovative engineering design.	Secondly, the number of creative people in Singapore is small, which may be a major reason for the hampering of innovative engineering design.
Fix grammatical errors: The population of Singapore is scarce compared to other countries in the region.	The population of Singapore is small compared to other countries in the region.
Grammar improvements: The impact on having a limited amount of creative people has resulted in Singapore having to resort to buying foreign-based engineering design equipment from overseas.	The impact of having a limited number of creative people has resulted in Singapore having to resort to buying foreign-based engineering design equipment from overseas.
Improve the grammar of this text: However, the 3 M researchers found out this failed bonding agent was suitable for attaching notes which satisfy many people's needs.	However, the 3 M researchers found that this failed bonding agent was suitable for attaching notes which satisfied many people's needs.
Fix grammar in the sentence: Thus post-it note was invented from this idea.	Thus the post-it note was invented from this idea.
Make the sentence fluent: In this manner, many other serendipitous technologies have been discovered and solved many irrelevant problems.	In this manner, many other serendipitous technologies have been discovered and have solved many problems.
Remove grammar mistakes: Thus, it is fair to say that either conventional technology or serendipitous technology is stimulated by the realization of problems and needs.	Thus, it is fair to say that both conventional technology and serendipitous technology are stimulated by the realization of problems and needs.
Fix grammaticality in this sentence: If the refrigerator was remained as it was invented in 1910s and no further development has been made to improve its quality, the refrigerator would just be an unsuccessful invention due to its low efficiency and high cost.	If the refrigerator had remained as it was invented in the 1910s and no further development had been made to improve its quality, the refrigerator would just be an unsuccessful invention due to its low efficiency and high cost.
Fix grammar in the sentence: How other people get to know your products and been convinced to use them.	How other people get to know about your products and are convinced to use them.
Remove grammar mistakes: From these two examples above, it is clear that another similarity between conventional technology and serendipitous technology is the process of development and commercialization which involved a lot of hard work.	From these two examples, it is clear that another similarity between conventional technology and serendipitous technology is the process of development and commercialization which involve a lot of hard work.
Fix disfluencies in the sentence: Research is usually based on certain organizations and it requires some time, funds and resources before the researchers can finally obtain the expected results.	Research is usually based in certain organizations, and it requires some time, funds, and resources before the researchers can finally obtain the expected results.
Fix all grammatical errors: This is, in fact, not encouraged by the traditional idea of Chinese people.	This is, in fact, not encouraged by the traditional philosophy of Chinese people.
Fix grammaticality in this sentence: I believe these problems obstructing engineering innovation will be solved in the near future.	Thus, I believe these problems obstructing engineering innovation will be solved in the near future.
Grammar improvements: Understanding the differences and similarities between such a path that inventors take and conventionally generated technologies will help us to better appreciate their efforts & the hardships they had to go through in their endeavours.	Understanding the differences and similarities between such a path that inventors take and conventionally generated technologies will help us to better appreciate their efforts & the hardships they have to go through in their endeavors.
Fix grammaticality in this sentence: These planes are not only a mark of development in speed but also in agility.	These planes are a mark of development not only in speed but also in agility.
Fix grammatical errors: Most importantly, we see that these needs of the military were a driving force behind the development and enhancement of the aircraft.	Most importantly, we see that the needs of the military were a driving force behind the development and enhancement of the aircraft.
Fix the grammatical mistakes: Secondly, social factors guided the growth of planes.	Secondly, social factors have guided the growth of planes.
Fix grammar in the sentence: It is noticeable that the size of commercial planes increased over the years in the response to meet the rise in global travelers.	It is noticeable that the size of commercial planes has increased over the years in response to the rise in global travelers.
Fix grammar errors: These modifications were indeed not possible if not for the varying social as well as military requirements during different eras.	These modifications would indeed not have been possible if not for the varying social as well as military requirements during different eras.
Fix errors in this text: When there is a need for something, a technology is create to solve the problem.	When there is a need for something, technology is created to solve the problem.
Improve the grammaticality: This implies that automobile companies had to pull in large sums of money for research and development work to create and promote the sales of such cars.	This implied that automobile companies had to pull in large sums of money for research and development work to create and promote the sales of such cars.
Fix grammar in the sentence: However the cost to finance this project will be high as much research and development have to be done.	However, the cost to finance this project will be high as much research and development have to be done.
Fix grammaticality: As mentioned, the Inconvenient Truth has shown that there is a direct link between carbon emissions and the rising temperatures of the Earth.	As mentioned, the Inconvenient Truth has shown that there is a direct link between carbon emissions and the rising temperatures of the earth.
Fix grammatical errors in this sentence: There many alternative source of energy can be used and applied in our life, such as solar energy, light energy, wind energy, water power and so on.	There are many alternative sources of energy that can be used and applied in our life, such as solar energy, light energy, wind energy, water power, and so on.
Fix grammar: The 21st century is faced with a severe problem of global energy shortage.	The world in the 21st century is faced with the severe problem of global energy shortage.
Fix disfluencies in the sentence: The rate of energy consumption by human is much higher than what nature is able to produce.	However, the rate of energy consumption by humans is much higher than what nature is able to produce.
Fix grammar: Therefore, the last decade has witnessed the increasing energy price due to insufficient supply of energy.	Therefore, the last decade has witnessed increasing energy prices due to an insufficient supply of energy.
Fix grammatical errors in this sentence: In response to energy shortage, engineers design more efficient products and systems.	In response to energy shortage, engineers are designing more efficient products and systems.
Fix grammar in this sentence: Natural movements such as tide, wind and wave can all be used for generating power.	Natural movements such as the tide, the wind, and the waves can all be used for generating power.
Fix grammaticality of the sentence: It shows that nuclear power may gradually replace traditional oil and petroleum.	This shows that nuclear power may gradually replace traditional oil and petroleum.
Fix errors in this text: Although it seems very optimistic that many potential alternative energy resources can be found, there are, in fact, other economic and social constrains faced by engineers.	Although it seems very optimistic that many potential alternative energy resources can be found, there are, in fact, other economic and social constraints faced by engineers.
Fix disfluencies in the sentence: To conclude, engineering design process can be applied to help solve the current problem of global energy shortage.	To conclude, engineering design processes can be applied to help solve the current problem of global energy shortage.
Fix grammatical errors in this sentence: Technologies are always developed to cater certain needs of people, whether to provide better methods of doing things or to develop tools that facilitate working and living.	Technologies are usually developed to cater to certain needs of people, whether to provide better methods of doing things or to develop tools that facilitate working and living.
Fix grammar: Virtual technology has been designed with a series of unique properties to address the observed social needs by engaging a large user population.	Virtual technology was designed with a series of unique properties to address the observed social needs by engaging a large user population.
Improve the grammaticality of this text: New technologies had made people realize the underlying economic opportunities beyond geographic barriers and national boundaries.	New technologies have made people realize the underlying economic opportunities beyond geographic barriers and national boundaries.
Fix grammaticality of the sentence: Catering to this need, a series of solutions has been developed based on virtual technology.	Catering to this need, a series of solutions have been developed based on virtual technology.
Grammar improvements: Apart from the demands from business and education, other factors have also shaped the development of virtual technology and solutions have been designed to meet the needs.	Apart from the demands from business and education, other factors have also shaped the development of virtual technology, and solutions have been designed to meet these needs.
Fix grammaticality: The development of virtual technology is shaped by social factors such as the business environment, educational needs and military demands.	Thus, the development of virtual technology has been shaped by social factors such as the business environment, educational needs, and military demands.
Fix grammar errors: However, problems inevitably generate and affect the process of innovation due to the improper strategies or methods.	However, problems inevitably arise and affect the process of innovation due to improper strategies or methods.
Fix grammatical errors in this sentence: In other words, these designs are produced without adequate market survey, so they turn out to be unwelcomed among public.	In other words, these designs are produced without adequate market survey, so they turn out to be unwelcomed by the public.
Fix grammar: Though the designs are products of fantastic conception, they become useless as rubbish once out of market.	Though the designs are products of fantastic conception, they become useless like rubbish once booted out of the market.
Fix grammar errors in this sentence: After the policy of reform and opening-up, Chinese government has long been encouraging people to make varieties of innovations.	After China adopted the policy of reform and opening up, the Chinese government has long been encouraging people to make varieties of innovations.
Fix errors in this text: As long as the application documents meet the format, the patent will be approved.	As long as the application documents meet the required format, the patent will be approved.
Update to remove grammar errors: Normally the lawsuits of patent infringement can be settled out of court due to the high cost and complicated procedures.	Normally patent infringement lawsuits can be settled out of court due to the high cost and complicated procedures.
Improve the grammar of this text: As a developing country, now China is facing problems on many fields.	As a developing country, China is now facing problems in many fields.
Remove grammatical mistakes: China's education is typical exam-oriented education.	China's education is a typical exam-oriented education.
Fix grammar errors in this sentence: However, the policy of engineering and industry cannot meet the needs.	However, the policy of engineering and industry cannot meet these needs.
Fix grammar: In the technological age, since independent innovation is very important to a nation's development, society needs the people with innovative talent.	In the technological age, since independent innovation is very important to a nation's development, society needs people with innovative talent.
